{"imgs/ic_success_plane.png":["imgs/ic_success_plane.png"],"imgs/icon_earn_money.png":["imgs/icon_earn_money.png"],"imgs/icon_exercise.png":["imgs/icon_exercise.png"],"imgs/icon_month_budget.png":["imgs/icon_month_budget.png"],"imgs/icon_reading_note.png":["imgs/icon_reading_note.png"],"imgs/icon_week_budget.png":["imgs/icon_week_budget.png"],"imgs/img_empty.png":["imgs/img_empty.png"],"packages/cupertino_icons/assets/CupertinoIcons.ttf":["packages/cupertino_icons/assets/CupertinoIcons.ttf"],"packages/fluttertoast/assets/toastify.css":["packages/fluttertoast/assets/toastify.css"],"packages/fluttertoast/assets/toastify.js":["packages/fluttertoast/assets/toastify.js"]}